Dataset,Model,Accuracy,F1_macro,AUROC,ECE,Brier,AURC,Risk90
MIMIC-IV,JUCO,0.9091 ± 0.0019,0.6494 ± 0.0104,0.8141 ± 0.0025,0.0057 ± 0.0016,0.0737 ± 0.0015,0.0337 ± 0.0020,0.0651 ± 0.0022
MIMIC-IV,JUCO-XGB,0.8961 ± 0.0025,0.5078 ± 0.0156,0.7705 ± 0.0056,0.0072 ± 0.0019,0.0842 ± 0.0017,0.0405 ± 0.0014,0.0832 ± 0.0022
MIMIC-IV,XGBoost,0.9141 ± 0.0012,0.6791 ± 0.0099,0.8421 ± 0.0044,0.0072 ± 0.0021,0.0691 ± 0.0010,0.0285 ± 0.0013,0.0590 ± 0.0012
MIMIC-IV,LightGBM,0.9145 ± 0.0012,0.6703 ± 0.0063,0.8407 ± 0.0032,0.0064 ± 0.0022,0.0688 ± 0.0009,0.0288 ± 0.0013,0.0587 ± 0.0011
MIMIC-IV,MissForest+XGB,0.9140 ± 0.0018,0.6866 ± 0.0152,0.8431 ± 0.0018,0.0062 ± 0.0020,0.0687 ± 0.0012,0.0282 ± 0.0008,0.0582 ± 0.0015
MIMIC-IV,MeanImp+XGB,0.9146 ± 0.0013,0.6762 ± 0.0076,0.8422 ± 0.0035,0.0067 ± 0.0020,0.0690 ± 0.0009,0.0282 ± 0.0010,0.0587 ± 0.0011
eICU,JUCO,0.9542 ± 0.0008,0.6532 ± 0.0087,0.8191 ± 0.0046,0.0029 ± 0.0009,0.0394 ± 0.0006,0.0161 ± 0.0004,0.0279 ± 0.0003
eICU,JUCO-XGB,0.9508 ± 0.0010,0.5962 ± 0.0262,0.8146 ± 0.0074,0.0032 ± 0.0006,0.0414 ± 0.0007,0.0168 ± 0.0009,0.0276 ± 0.0007
eICU,XGBoost,0.9576 ± 0.0006,0.6829 ± 0.0018,0.8343 ± 0.0049,0.0030 ± 0.0012,0.0371 ± 0.0007,0.0152 ± 0.0006,0.0263 ± 0.0007
eICU,LightGBM,0.9576 ± 0.0008,0.6871 ± 0.0044,0.8314 ± 0.0052,0.0026 ± 0.0011,0.0369 ± 0.0007,0.0157 ± 0.0007,0.0263 ± 0.0009
eICU,MissForest+XGB,0.9576 ± 0.0008,0.6858 ± 0.0081,0.8333 ± 0.0037,0.0024 ± 0.0011,0.0368 ± 0.0006,0.0153 ± 0.0004,0.0263 ± 0.0003
eICU,MeanImp+XGB,0.9573 ± 0.0008,0.6849 ± 0.0069,0.8339 ± 0.0040,0.0032 ± 0.0015,0.0371 ± 0.0007,0.0153 ± 0.0004,0.0263 ± 0.0008
eICU,TabNet (DL),0.9533 ± 0.0014,0.6566 ± 0.0202,0.8214 ± 0.0067,0.0033 ± 0.0007,0.0398 ± 0.0009,0.0164 ± 0.0008,0.0279 ± 0.0008
