Dataset,Model,Threshold,Sensitivity,Specificity,Precision
MIMIC-IV,JUCO,0.5,0.234 ± 0.027,0.989 ± 0.003,0.721 ± 0.044
MIMIC-IV,JUCO,0.2,0.485 ± 0.047,0.915 ± 0.020,0.410 ± 0.040
MIMIC-IV,JUCO-XGB,0.5,0.041 ± 0.013,0.997 ± 0.002,0.688 ± 0.088
MIMIC-IV,JUCO-XGB,0.2,0.568 ± 0.015,0.824 ± 0.007,0.277 ± 0.007
MIMIC-IV,XGBoost,0.5,0.276 ± 0.021,0.989 ± 0.002,0.759 ± 0.030
MIMIC-IV,XGBoost,0.2,0.539 ± 0.038,0.916 ± 0.016,0.436 ± 0.034
MIMIC-IV,LightGBM,0.5,0.273 ± 0.017,0.991 ± 0.002,0.775 ± 0.020
MIMIC-IV,LightGBM,0.2,0.539 ± 0.026,0.917 ± 0.012,0.436 ± 0.032
MIMIC-IV,MissForest+XGB,0.5,0.296 ± 0.036,0.987 ± 0.004,0.739 ± 0.046
MIMIC-IV,MissForest+XGB,0.2,0.546 ± 0.035,0.914 ± 0.017,0.433 ± 0.041
eICU,JUCO,0.5,0.212 ± 0.013,0.996 ± 0.001,0.745 ± 0.031
eICU,JUCO,0.2,0.393 ± 0.029,0.973 ± 0.004,0.455 ± 0.023
eICU,JUCO-XGB,0.5,0.139 ± 0.038,0.996 ± 0.002,0.687 ± 0.058
eICU,JUCO-XGB,0.2,0.460 ± 0.029,0.948 ± 0.004,0.332 ± 0.010
eICU,XGBoost,0.5,0.255 ± 0.007,0.997 ± 0.001,0.832 ± 0.034
eICU,XGBoost,0.2,0.376 ± 0.020,0.983 ± 0.002,0.555 ± 0.021
eICU,LightGBM,0.5,0.262 ± 0.013,0.997 ± 0.001,0.822 ± 0.052
eICU,LightGBM,0.2,0.382 ± 0.027,0.982 ± 0.005,0.552 ± 0.068
eICU,MissForest+XGB,0.5,0.267 ± 0.020,0.996 ± 0.002,0.815 ± 0.061
eICU,MissForest+XGB,0.2,0.417 ± 0.011,0.976 ± 0.004,0.496 ± 0.042
