Model,Accuracy,Accuracy_mean,F1_macro,F1_macro_mean,AUROC,AUROC_mean,ECE,ECE_mean,Brier,Brier_mean,AURC,AURC_mean,Risk@90,Risk@90_mean,Dataset
JUCO,0.9090 +/- 0.0019,0.9089569366431116,0.6508 +/- 0.0135,0.6507983934209494,0.8143 +/- 0.0026,0.8142971487263978,0.0063 +/- 0.0016,0.0063360531125608,0.0737 +/- 0.0015,0.0737478809576747,0.0337 +/- 0.0020,0.033686764634677,0.0652 +/- 0.0022,0.0651768337695456,MIMIC-IV
XGBoost,0.9140 +/- 0.0011,0.9139699220873346,0.6744 +/- 0.0117,0.6743834685166104,0.8424 +/- 0.0040,0.8423676886738332,0.0065 +/- 0.0027,0.0064612227044344,0.0690 +/- 0.0010,0.0690450409131937,0.0283 +/- 0.0014,0.0282826823168886,0.0588 +/- 0.0011,0.0588416884772833,MIMIC-IV
LightGBM,0.9144 +/- 0.0012,0.9144289424412636,0.6743 +/- 0.0077,0.6742937233031212,0.8420 +/- 0.0031,0.8420423478877794,0.0065 +/- 0.0020,0.0064593768699371,0.0688 +/- 0.0009,0.0687990301804467,0.0284 +/- 0.0013,0.0284382789418214,0.0586 +/- 0.0013,0.058613515871418,MIMIC-IV
MissForest+XGB,0.9139 +/- 0.0025,0.913909524672344,0.6808 +/- 0.0184,0.6807508180379868,0.8433 +/- 0.0019,0.8433166556838783,0.0060 +/- 0.0015,0.0060078775687602,0.0687 +/- 0.0013,0.0687318283598852,0.0284 +/- 0.0010,0.0283876811373432,0.0584 +/- 0.0016,0.0583719213475605,MIMIC-IV
MeanImp+XGB,0.9145 +/- 0.0012,0.9144531014072598,0.6809 +/- 0.0039,0.680925004505863,0.8419 +/- 0.0040,0.84190032626292,0.0063 +/- 0.0025,0.0063241119069984,0.0689 +/- 0.0009,0.0689436206561644,0.0284 +/- 0.0011,0.0283775433142277,0.0586 +/- 0.0011,0.0585598281994497,MIMIC-IV
TabNet (DL),0.8399 +/- 0.1275,0.8398622938938214,0.5737 +/- 0.0727,0.5736642856099473,0.7378 +/- 0.0862,0.7377805805290597,0.0609 +/- 0.1067,0.0609058524809605,0.1207 +/- 0.0840,0.1206755986437923,0.0959 +/- 0.1082,0.0958943799464164,0.1415 +/- 0.1411,0.1415072813905107,MIMIC-IV
JUCO,0.9542 +/- 0.0008,0.9542359565263364,0.6532 +/- 0.0087,0.6531695685110144,0.8191 +/- 0.0046,0.8190517222698264,0.0029 +/- 0.0009,0.0029117136138953,0.0394 +/- 0.0006,0.0394426598191472,0.0163 +/- 0.0005,0.0162714515032162,0.0279 +/- 0.0004,0.0279055068580952,eICU
JUCO-XGB,0.9508 +/- 0.0010,0.9508129063655496,0.5962 +/- 0.0262,0.5962061321675572,0.8146 +/- 0.0074,0.8146372011559949,0.0032 +/- 0.0006,0.0031901125521478,0.0414 +/- 0.0007,0.0414472745365267,0.0171 +/- 0.0008,0.0171356666309492,0.0277 +/- 0.0006,0.0277273293816818,eICU
XGBoost,0.9576 +/- 0.0006,0.9576096654694656,0.6829 +/- 0.0018,0.6829352378369185,0.8343 +/- 0.0049,0.8342983114105698,0.0030 +/- 0.0012,0.0029585753150015,0.0371 +/- 0.0007,0.0370646881266778,0.0156 +/- 0.0006,0.015555625445449,0.0264 +/- 0.0008,0.0264389594679584,eICU
LightGBM,0.9576 +/- 0.0008,0.9576158364025666,0.6871 +/- 0.0044,0.6870837980091906,0.8314 +/- 0.0052,0.8313632093849026,0.0026 +/- 0.0011,0.0026166209971609,0.0369 +/- 0.0007,0.0368976261052178,0.0160 +/- 0.0007,0.0160428898744663,0.0263 +/- 0.0010,0.0262813362709605,eICU
MissForest+XGB,0.9576 +/- 0.0008,0.9576096658498592,0.6858 +/- 0.0081,0.6857926112587134,0.8333 +/- 0.0037,0.8332587819622235,0.0024 +/- 0.0011,0.002409787328359,0.0368 +/- 0.0006,0.0368390761210161,0.0157 +/- 0.0007,0.015665733972979,0.0264 +/- 0.0003,0.0263909924382117,eICU
MeanImp+XGB,0.9573 +/- 0.0008,0.957332123925544,0.6849 +/- 0.0069,0.6848916499047155,0.8339 +/- 0.0040,0.8339223803843584,0.0032 +/- 0.0015,0.0032377247543715,0.0371 +/- 0.0007,0.037117609791919,0.0156 +/- 0.0004,0.0156396600254996,0.0264 +/- 0.0007,0.026356724034742,eICU
TabNet (DL),0.9533 +/- 0.0014,0.9533354771168238,0.6566 +/- 0.0202,0.6566378161204345,0.8214 +/- 0.0067,0.8214095945618727,0.0033 +/- 0.0007,0.0032613031497525,0.0398 +/- 0.0009,0.0398319291120791,0.0168 +/- 0.0010,0.0167542724264534,0.0280 +/- 0.0008,0.0280220041199666,eICU
