Dataset,Model,Fold,AUROC_bootstrap_mean,AUROC_CI_lower,AUROC_CI_upper
MIMIC-IV,JUCO,0,0.8180297105456495,0.807416193679126,0.8293031835683913
MIMIC-IV,JUCO-XGB,0,0.776997791114467,0.7649906902200166,0.7865091322686459
MIMIC-IV,XGBoost,0,0.8335294070369296,0.8231541272082359,0.8449681106030471
MIMIC-IV,LightGBM,0,0.8351998560449879,0.8247320485110029,0.8469259563923274
MIMIC-IV,MissForest+XGB,0,0.8409292859184355,0.8313196798783284,0.8518681489414663
MIMIC-IV,JUCO,1,0.8153570186821508,0.8039260729341743,0.8252267395091084
MIMIC-IV,JUCO-XGB,1,0.7638775487343423,0.7527921230008412,0.7756919344397677
MIMIC-IV,XGBoost,1,0.8444925111260168,0.8345951908530708,0.852865583804892
MIMIC-IV,LightGBM,1,0.8433162854739992,0.8339278328217089,0.8517140771736902
MIMIC-IV,MissForest+XGB,1,0.8432048522889256,0.8339815478597068,0.8519729200009396
MIMIC-IV,JUCO,2,0.8128738699656994,0.8012288058720055,0.8228924354456478
MIMIC-IV,JUCO-XGB,2,0.7773598673175209,0.7662052012635984,0.787327251582826
MIMIC-IV,XGBoost,2,0.8454384650247013,0.8353248604647753,0.8548891866672893
MIMIC-IV,LightGBM,2,0.8434332819424618,0.8327938821438692,0.8528444888956037
MIMIC-IV,MissForest+XGB,2,0.8431799968312645,0.8327872034955693,0.8520193785930359
MIMIC-IV,JUCO,3,0.8138025523546151,0.8033604196360352,0.8245929478287801
MIMIC-IV,JUCO-XGB,3,0.7682604186328453,0.7579111862117426,0.7789086406676712
MIMIC-IV,XGBoost,3,0.8447240469212062,0.8346926364200323,0.8553557875746
MIMIC-IV,LightGBM,3,0.8419811624358506,0.831494556940045,0.8531947378425019
MIMIC-IV,MissForest+XGB,3,0.8419678711990171,0.8320846778045762,0.8523855862730869
MIMIC-IV,JUCO,4,0.8104802127319972,0.7995208284101388,0.820454871341949
MIMIC-IV,JUCO-XGB,4,0.7654263368481974,0.7549792416590965,0.7762361219038256
MIMIC-IV,XGBoost,4,0.8421193175639221,0.8325562843959682,0.8511854138226875
MIMIC-IV,LightGBM,4,0.8395978883231442,0.8297242981029522,0.8488975722488918
MIMIC-IV,MissForest+XGB,4,0.8460807121851501,0.8369263439861355,0.8554536008462265
eICU,JUCO,0,0.8134802457386235,0.8021244183165297,0.8240907213601582
eICU,JUCO-XGB,0,0.8153801257428561,0.8042245605601769,0.8256543105552578
eICU,XGBoost,0,0.832572477321661,0.8213600936948969,0.8425595888531919
eICU,LightGBM,0,0.8299988862033795,0.8196674581964433,0.8395870285872751
eICU,MissForest+XGB,0,0.8328996356597838,0.8221864479591698,0.8429637312665893
eICU,JUCO,1,0.8154613430547497,0.8031751532808762,0.8273608836538677
eICU,JUCO-XGB,1,0.8064126269607309,0.7937977113310586,0.818390259646172
eICU,XGBoost,1,0.8268042799778592,0.8158818949856435,0.8395495204222244
eICU,LightGBM,1,0.8231731893422307,0.8118567414368456,0.8346090030396766
eICU,MissForest+XGB,1,0.8268006154422446,0.8162492314279294,0.8380193615858356
eICU,JUCO,2,0.8188526345923308,0.8080160116193356,0.8298117383834287
eICU,JUCO-XGB,2,0.8169249223378506,0.8054042250936166,0.827979556054749
eICU,XGBoost,2,0.8352318837090765,0.8229642745551342,0.8463094020647214
eICU,LightGBM,2,0.830607973376005,0.8177482670194935,0.8418835090768968
eICU,MissForest+XGB,2,0.8345614247654223,0.8234498442686342,0.8461795408266777
eICU,JUCO,3,0.8258449651637688,0.8148492681695341,0.8363556079929906
eICU,JUCO-XGB,3,0.8266131774203179,0.8153141273812372,0.8376921284774278
eICU,XGBoost,3,0.8415666307502732,0.8307437930102353,0.8516478298727805
eICU,LightGBM,3,0.8385213556283445,0.8279448594629182,0.84961782050311
eICU,MissForest+XGB,3,0.838006888266661,0.8269948333760447,0.8478733190929337
eICU,JUCO,4,0.8222656112953811,0.8107948144951367,0.8335789050297935
eICU,JUCO-XGB,4,0.8080211740579287,0.795531065128773,0.8199462381801077
eICU,XGBoost,4,0.8354789849390779,0.8243417033058731,0.8465048098917397
eICU,LightGBM,4,0.8347332167683393,0.8229071540465999,0.845365988636703
eICU,MissForest+XGB,4,0.8339092144073939,0.8228918153793547,0.8453267897968679
