fold,missing_rate,JUCO_AUROC,JUCO-XGB_AUROC,XGBoost_AUROC,LightGBM_AUROC,MissForest+XGB_AUROC,MeanImp+XGB_AUROC
0,10%,0.8207146011927507,0.7818369504607062,0.8456898476016342,0.8432494712736069,0.8456531459542672,0.8459669167170671
0,20%,0.8199062664537254,0.769595554487082,0.8404387188746005,0.8384326290966285,0.8414668728469767,0.8403369933932346
0,30%,0.8181241758732003,0.7730970166541489,0.8343702509064467,0.8323875611143955,0.8405773413287583,0.8368011539513591
0,40%,0.817453467428665,0.7684725114232169,0.8272415174660386,0.8305159333590278,0.8365147287480664,0.8322842730296293
0,50%,0.8112587801708442,0.7621928966705843,0.8189074503601917,0.8292443648419547,0.8269689408353819,0.8242308299619511
0,60%,0.8073240862110171,0.7547715852759945,0.8105117580827419,0.8281058910695106,0.8294866464991862,0.8226808055189276
0,70%,0.8044428408661103,0.7525118849661382,0.7898489845382738,0.8249640230099601,0.7993021100693147,0.8063698629120225
1,10%,0.8226986257185993,0.773543639258695,0.8515653906277316,0.8510480855094459,0.8489429375230562,0.8495465158169454
1,20%,0.8191969994535245,0.7714405341708169,0.8493419902467311,0.8489896295399982,0.8486275257788257,0.8465422960529236
1,30%,0.815704801950811,0.7736057315874934,0.8455401364734779,0.8441606888968073,0.846618885103852,0.8429397427440762
1,40%,0.8148873675406212,0.7652319102318964,0.8382042450645338,0.8384607859737732,0.8390552301541249,0.8367738428846041
1,50%,0.8067339238619582,0.7621968505576524,0.8306339899811542,0.8331799129646662,0.835782683527913,0.8337835698315749
1,60%,0.8039283366916753,0.7431891531517799,0.8201795157780517,0.832606801359156,0.8324705360997846,0.8238748638231352
1,70%,0.7929681272474338,0.7393474235710417,0.7996061920253885,0.8318328178288468,0.7836494849734992,0.8124282088140856
