Dataset,Model,AUPRC,AUPRC_mean,AUPRC_std,AUROC,AUROC_mean,AUROC_std,Sensitivity,Sensitivity_mean,Sensitivity_std,Specificity,Specificity_mean,Specificity_std,AUROC_CI_lower,AUROC_CI_upper
MIMIC-IV,JUCO,0.4525 +/- 0.0073,0.4524849634294819,0.00733513296579678,0.8141 +/- 0.0025,0.8141141741155632,0.0025362881093133004,0.2344 +/- 0.0266,0.23444214420464699,0.026595024865927838,0.9889 +/- 0.0035,0.9889432509062963,0.003473288573974266,0.803090464106296,0.8244940355387753
MIMIC-IV,JUCO-XGB,0.2687 +/- 0.0086,0.26870688371975876,0.008614202105074369,0.7705 +/- 0.0056,0.7704550198565377,0.005642747335492307,0.0411 +/- 0.0133,0.04105434012254122,0.013275947557026435,0.9974 +/- 0.0020,0.9974499242958542,0.001957051170104203,0.759375688471059,0.7809346161725472
MIMIC-IV,LightGBM,0.5154 +/- 0.0089,0.5154397473357485,0.008924875147091489,0.8407 +/- 0.0032,0.8407460808747421,0.003165951851427771,0.2732 +/- 0.0174,0.2732139775156054,0.01741228050877342,0.9905 +/- 0.0017,0.9905150064750361,0.0016720975531956397,0.8305345237039157,0.850715366510603
MIMIC-IV,MissForest+XGB,0.5142 +/- 0.0080,0.5142170688397245,0.007974796632342795,0.8431 +/- 0.0018,0.8431042382562361,0.0018446603441752184,0.2965 +/- 0.0356,0.29647139034612363,0.03561256443500892,0.9871 +/- 0.0044,0.9870872353693738,0.004406622737334772,0.8334198906048632,0.852739926930951
MIMIC-IV,XGBoost,0.5107 +/- 0.0097,0.5107297323587808,0.009669437921235226,0.8421 +/- 0.0044,0.842080501980179,0.004390923063036731,0.2763 +/- 0.0214,0.2762820028450252,0.021398513655292595,0.9895 +/- 0.0023,0.9894902904593185,0.0022995586254890613,0.8320646198684164,0.8518528164945032
eICU,JUCO,0.3812 +/- 0.0170,0.38124501622869783,0.01696830985613475,0.8191 +/- 0.0046,0.8190517222698264,0.004640325081871918,0.2122 +/- 0.0132,0.21217014242920773,0.01323262968892996,0.9959 +/- 0.0006,0.9959026580905054,0.0006196071169691579,0.8077919331762825,0.8302395712840477
eICU,JUCO-XGB,0.3204 +/- 0.0192,0.3203517940872324,0.019244234805912953,0.8146 +/- 0.0074,0.8146372011559949,0.007370812526590682,0.1393 +/- 0.0384,0.13929355247937197,0.03843373383042366,0.9962 +/- 0.0017,0.9962476503064146,0.0017440733582236674,0.8028543378989724,0.8259324985827428
eICU,LightGBM,0.4422 +/- 0.0178,0.44218546731241803,0.0178291576091596,0.8314 +/- 0.0052,0.8313632093849026,0.005227346045638312,0.2617 +/- 0.0128,0.26170249621725145,0.012790017992847343,0.9967 +/- 0.0013,0.996697459491309,0.0013208284975141675,0.8200248960324601,0.8422126699687322
eICU,MissForest+XGB,0.4440 +/- 0.0151,0.44398815990097856,0.015058248647060625,0.8333 +/- 0.0037,0.8332587819622235,0.0037413367715674246,0.2669 +/- 0.0199,0.266930561712782,0.019938524885848182,0.9964 +/- 0.0015,0.9964311142039659,0.0015042595102332558,0.8223544344822266,0.8440725485137808
eICU,XGBoost,0.4410 +/- 0.0168,0.4410397984221802,0.016823866067263,0.8343 +/- 0.0049,0.8342983114105698,0.004880415573792824,0.2553 +/- 0.0066,0.255272376614313,0.006561393625370942,0.9971 +/- 0.0007,0.9970821013157686,0.0007137206340800911,0.8230583519103567,0.8453142302209316
